dresses,lengths
qyana dress,midi
dafne shirtdress,mini
via harris dress,mini
oatmeal rib knit dress,maxi
rae dress,maxi
honeybun dress,mini
denim shirtdress,mini
rolled sleeve shirtdress,midi
frankie oniyuri dress,mini
dasatine silk wrap dress,maxi
sidney dress,midi
yellow mixed print dress,maxi
freddie floral dress,mini
red leather shirtdress,mini
tea length shirtdress,maxi
stella satin dress,mini
hanna rutland dress,midi
aspen momo dress,maxi
roy structured dress,mini
jenny dress,mini
serpentine tank dress,maxi
coral sweatshirt dress,mini
elisabet strappy back dress,maxi
leah dress,maxi
vivi sweater dress,midi
bethany turtleneck dress,maxi
enzo floral dress,midi
pilar cutout sweater dress,midi
breakfast off the shoulder dress,maxi
xo betty dress,maxi
juela dress,maxi
black velvet turtleneck dress,midi
patchwork tie dye dress,midi
paloma dress,midi
green matte halter dress,maxi
rosetta tinsel dress,maxi
neptune swirl velvet dress,mini
last dance dress,maxi
kim knit dress,maxi
red v-neck dress,mini
black puff sleeve dress,maxi
penelope halter dress,midi
shannon blazer dress,mini
devis dress,mini
keyhole vase dress,maxi
irina draped dress,midi
lemons dress,mini
liv dress,maxi
scoop back sweater dress,midi
degrade floral long sleeve dress,maxi
ruffle ribbon dress,midi
constance pleated dress,maxi
ruffled floral dress,maxi
ruffle wrap dress,maxi
simone cut out dress,maxi
lilliana kettu dress,mini
sweetheart icon dress,mini
venitian nights dress,maxi
indigo denim dress,mini
swirl print shirtdress,maxi
brushed viscose cutout dress,maxi
boat neck sheath,midi
alice cutout dress,midi
black wrap dress,midi
sae faux leather dress,mini
the capulet dress,maxi
off the shoulder faux wrap dress,maxi
sequin puff sleeve dress,mini
floral drape front dress,maxi
black halter wrap dress,maxi
chamomile wrap dress,maxi
deconstructed jersey tee dress,midi
nanaju floral wrap dress,maxi
blue jerard dress,mini
jady dress,mini
black matte dress,maxi
check turtleneck dress,midi
tozcan ruched dress,mini
ruched turtleneck dress,midi
wrapped bodice dress,maxi
leopard sequin wrap dress,midi
plaid off the shoulder dress,midi
silver printed dress,mini
off-the-shoulder peasant dress,maxi
into the galaxy dress,maxi
green mia dress,mini
black nika shift dress,midi
red zarita sheath,mini
